{"cameraMode":{"drawMode":0,"name":"Shaded","section":"Shading Mode"},"sceneLighting":false,"audioPlay":false,"sceneViewState":{"m_AlwaysRefresh":false,"showFog":true,"showSkybox":true,"showFlares":true,"showImageEffects":true,"showParticleSystems":true,"showVisualEffectGraphs":true,"m_FxEnabled":true},"in2DMode":false,"pivot":{"x":2.6978416442871095,"y":0.7602434158325195,"z":-38.841552734375},"rotation":{"x":0.007429013028740883,"y":-0.9803334474563599,"z":0.03831154853105545,"w":0.19707785546779633},"size":42.429351806640628,"orthographic":false}